Date,Mean,Median,Percentile_75,Percentile_25
2020-06-15,28.25,26.5,32.75,21.625
2020-06-16,26.741666666666664,24.0,31.25,20.1
2020-06-17,29.745833333333334,30.0,34.0,23.75
2020-06-18,25.789583333333336,25.0,30.0,22.0
2020-06-19,27.304255319148936,29.0,31.0,21.0
2020-06-20,18.962500000000002,17.55,24.0,15.0
2020-06-21,18.054166666666667,16.05,24.0,14.0
2020-06-22,27.683333333333334,26.0,31.0,22.9
2020-06-23,31.40212765957447,31.0,36.5,26.0
2020-06-24,34.4063829787234,32.0,40.2,28.5
2020-06-25,30.635416666666668,29.35,38.25,24.0
2020-06-26,26.337500000000002,24.8,30.0,22.3
2020-06-27,25.62291666666667,24.0,28.15,22.0
2020-06-28,24.052083333333332,24.0,25.0,21.975
2020-06-29,27.891666666666666,26.0,32.175,23.6
2020-06-30,39.53541666666667,37.0,50.75,25.0
2020-07-01,33.71875,30.0,40.0,24.8
2020-07-02,29.758333333333336,30.0,34.2,25.0
2020-07-03,31.733333333333334,31.0,38.0,24.375
2020-07-04,22.302083333333332,21.1,25.0,20.0
2020-07-05,21.489583333333332,20.0,23.175,18.475
2020-07-06,27.522222222222222,25.0,33.3,20.0
2020-07-07,27.976744186046513,28.0,34.9,22.5
2020-07-08,37.49791666666667,34.0,47.75,24.0
2020-07-09,32.87291666666667,30.0,41.0,24.075000000000003
2020-07-10,24.85625,23.6,30.0,20.0
2020-07-11,21.714583333333334,21.0,25.0,18.0
2020-07-12,19.364583333333332,18.0,22.424999999999997,15.9
2020-07-13,33.86808510638298,30.0,41.0,24.1
2020-07-14,29.56808510638298,28.0,36.9,21.25
2020-07-15,38.154347826086955,34.5,49.35,25.075
2020-07-16,42.572916666666664,40.0,53.65,30.0
2020-07-17,44.51666666666667,41.5,57.25,31.0
2020-07-18,38.40212765957447,35.0,45.0,30.0
2020-07-19,41.62083333333333,39.95,48.375,34.224999999999994
2020-07-20,54.84375,51.25,70.5,39.75
2020-07-21,56.87708333333333,51.75,70.75,41.0
2020-07-22,53.40851063829787,50.6,63.45,41.0
2020-07-23,61.768085106382976,56.2,72.35,48.95
2020-07-24,57.34255319148936,55.0,70.0,47.5
2020-07-25,62.550000000000004,63.25,71.75,51.25
2020-07-26,54.759574468085106,48.0,69.0,41.0
2020-07-27,72.83043478260869,73.95,88.0,50.1
2020-07-28,51.31333333333334,53.5,61.9,40.0
2020-07-29,56.24081632653061,50.1,68.2,41.0
2020-07-30,50.40425531914894,50.0,58.85,41.5
2020-07-31,57.50851063829787,53.0,70.5,43.05
2020-08-01,46.025,44.5,52.0,40.1
2020-08-02,51.45652173913044,49.0,54.75,40.0
2020-08-03,49.42553191489362,42.0,56.5,35.8
2020-08-04,39.66595744680851,38.0,46.0,33.3
2020-08-05,37.53617021276596,33.0,44.5,30.0
2020-08-06,39.08723404255319,38.0,44.0,30.65
2020-08-07,52.861702127659576,46.0,67.0,38.5
2020-08-08,46.55625,41.8,55.0,38.275000000000006
2020-08-09,54.269047619047626,50.5,59.975,44.0
2020-08-10,86.24468085106383,81.0,100.0,70.5
2020-08-11,98.19583333333333,96.5,110.5,87.25
2020-08-12,184.0041666666667,184.5,232.25,146.275
2020-08-13,188.19375,200.0,244.5,129.2
2020-08-14,137.27916666666667,126.0,160.7,102.825
2020-08-15,90.31458333333335,90.35,100.75,82.3
2020-08-16,78.00833333333334,78.1,88.0,72.0
2020-08-17,86.12708333333335,77.0,91.0,70.0
2020-08-18,95.38125000000001,90.05,110.25,79.0
2020-08-19,95.77659574468085,96.0,116.5,81.85
2020-08-20,90.64999999999999,91.5,99.25,81.05000000000001
2020-08-21,107.43617021276596,108.0,132.5,88.5
2020-08-22,74.01063829787235,71.0,83.95,65.0
2020-08-23,62.73541666666667,60.0,67.25,57.0
2020-08-24,74.48125,68.5,84.5,58.0
2020-08-25,78.01914893617021,70.0,97.0,57.75
2020-08-26,64.94166666666666,60.0,75.75,56.0
2020-08-27,65.45,62.35,75.5,50.075
2020-08-28,62.85208333333333,57.0,71.75,48.525000000000006
2020-08-29,71.08125,70.5,80.0,59.3
2020-08-30,139.53333333333333,131.0,181.75,100.5
2020-08-31,178.76458333333335,181.0,223.25,145.05
2020-09-01,360.4479166666667,400.0,469.25,257.625
2020-09-02,359.5916666666667,426.5,471.0,290.25
2020-09-03,285.56874999999997,307.5,374.75,220.0
2020-09-04,143.1875,130.0,189.5,100.0
2020-09-05,187.59375,153.5,267.85,102.25
2020-09-06,84.69791666666667,85.0,100.0,80.0
2020-09-07,81.12978723404255,80.0,88.0,78.5
2020-09-08,73.76041666666667,70.45,82.25,66.0
2020-09-09,89.83125,86.5,103.75,71.0
2020-09-10,118.3875,117.5,138.75,93.75
2020-09-11,109.66458333333333,112.5,131.525,80.0
2020-09-12,73.3,76.5,90.0,65.5
2020-09-13,80.24166666666666,77.0,93.625,63.45
2020-09-14,135.67708333333334,115.6,176.0,89.5
2020-09-15,117.50625000000001,107.5,143.0,83.5
2020-09-16,103.62708333333335,99.0,140.725,74.0
2020-09-17,371.95416666666665,450.5,497.0,260.0
2020-09-18,199.66666666666666,212.5,235.5,150.0
2020-09-19,119.1063829787234,111.0,145.5,90.0
2020-09-20,91.8125,84.5,100.0,74.75
2020-09-21,125.0,97.0,177.0,77.5
2020-09-22,115.40425531914893,96.0,152.0,74.5
2020-09-23,92.75,85.5,108.25,67.25
2020-09-24,77.04166666666667,70.0,83.0,63.0
2020-09-25,73.54166666666667,71.0,83.75,63.25
2020-09-26,60.6875,57.5,69.25,51.0
2020-09-27,60.854166666666664,52.5,69.5,45.75
2020-09-28,82.375,80.0,102.0,64.75
2020-09-29,112.42553191489361,101.0,141.5,78.5
2020-09-30,84.59574468085107,80.0,102.5,69.0
2020-10-01,66.60416666666667,59.5,73.0,48.5
2020-10-02,61.916666666666664,54.5,81.25,44.0
2020-10-03,47.666666666666664,41.0,50.0,37.0
2020-10-04,51.916666666666664,47.5,64.25,39.0
2020-10-05,51.875,48.5,59.5,42.75
2020-10-06,62.3125,55.0,80.5,41.5
2020-10-07,50.916666666666664,43.5,65.5,38.75
2020-10-08,48.702127659574465,46.0,58.5,36.5
2020-10-09,48.659574468085104,41.0,53.5,35.0
2020-10-10,38.354166666666664,37.5,43.0,31.75
2020-10-11,28.958333333333332,28.0,32.0,25.75
2020-10-12,43.770833333333336,38.0,53.25,26.0
2020-10-13,39.0,31.0,41.0,26.0
2020-10-14,41.041666666666664,34.5,50.25,28.75
2020-10-15,42.708333333333336,51.0,53.25,25.0
2020-10-16,37.666666666666664,37.0,50.25,24.5
2020-10-17,20.625,19.5,22.0,18.0
2020-10-18,18.9375,17.0,21.0,16.0
2020-10-19,29.3125,23.5,32.75,20.0
2020-10-20,36.145833333333336,26.0,43.0,22.0
2020-10-21,48.229166666666664,40.0,53.5,32.5
2020-10-22,39.666666666666664,37.5,50.25,28.75
2020-10-23,34.270833333333336,33.0,40.25,23.5
2020-10-24,18.416666666666668,18.5,20.25,16.75
2020-10-25,18.270833333333332,17.0,21.0,15.0
2020-10-26,31.666666666666668,27.0,37.75,19.75
2020-10-27,20.8125,17.0,25.0,15.0
2020-10-28,33.583333333333336,22.5,47.0,16.0
2020-10-29,36.291666666666664,29.5,48.5,22.0
2020-10-30,34.0,32.0,45.25,20.0
2020-10-31,18.5,16.0,22.0,14.0
2020-11-01,15.4375,14.0,17.0,13.0
2020-11-02,31.354166666666668,26.0,37.0,21.0
2020-11-03,23.145833333333332,20.5,27.5,15.0
2020-11-04,18.645833333333332,15.0,20.0,15.0
2020-11-05,31.520833333333332,17.0,25.25,14.0
2020-11-06,34.0625,28.0,42.25,18.75
2020-11-07,31.145833333333332,21.0,38.5,16.75
2020-11-08,15.145833333333334,15.0,16.0,14.0
2020-11-09,19.375,14.5,23.0,14.0
2020-11-10,24.583333333333332,20.0,30.25,16.0
2020-11-11,22.76595744680851,21.0,30.0,13.0
2020-11-12,21.770833333333332,13.0,26.25,12.0
2020-11-13,28.083333333333332,22.0,35.25,13.0
2020-11-14,14.446808510638299,12.0,16.0,11.0
2020-11-15,15.638297872340425,12.0,15.0,11.5
2020-11-16,20.25,14.0,30.0,11.0
2020-11-17,41.391304347826086,40.0,48.25,29.25
2020-11-18,47.25,42.0,53.0,30.0
2020-11-19,23.53191489361702,22.0,28.0,18.0
2020-11-20,36.1875,34.0,44.25,26.25
2020-11-21,36.0,28.0,40.0,20.0
2020-11-22,33.1875,30.5,43.0,21.75
2020-11-23,42.291666666666664,34.0,50.5,25.0
2020-11-24,56.854166666666664,56.5,72.75,32.75
2020-11-25,31.229166666666668,29.0,36.25,22.0
2020-11-26,78.39583333333333,44.5,91.25,23.5
2020-11-27,18.729166666666668,18.0,19.0,15.0
2020-11-28,12.729166666666666,13.0,13.0,12.0
2020-11-29,11.020833333333334,11.0,12.0,11.0
2020-11-30,39.729166666666664,30.5,52.25,20.0
2020-12-01,47.583333333333336,45.5,62.25,24.5
2020-12-02,20.416666666666668,19.5,24.0,15.75
2020-12-03,20.170212765957448,18.0,24.0,13.5
2020-12-04,26.479166666666668,26.5,33.5,17.0
2020-12-05,15.9375,15.0,18.0,13.0
2020-12-06,15.361702127659575,13.0,16.0,12.0
2020-12-07,20.404255319148938,18.0,25.0,13.0
2020-12-08,30.97872340425532,27.0,32.0,21.0
2020-12-09,30.645833333333332,26.5,34.0,21.75
2020-12-10,24.583333333333332,22.0,29.0,18.0
2020-12-11,30.958333333333332,23.5,39.0,19.5
2020-12-12,19.791666666666668,17.0,20.0,15.0
2020-12-13,19.708333333333332,15.5,21.25,15.0
2020-12-14,31.32608695652174,26.0,34.75,21.0
2020-12-15,47.166666666666664,43.5,60.5,31.0
2020-12-16,47.723404255319146,39.0,49.5,33.0
2020-12-17,92.61702127659575,80.0,111.0,68.5
2020-12-18,42.916666666666664,42.0,52.25,30.0
2020-12-19,32.4375,25.0,34.25,23.0
2020-12-20,23.270833333333332,21.5,24.0,20.0
2020-12-21,43.875,36.5,54.25,25.0
2020-12-22,35.479166666666664,32.0,42.5,27.0
2020-12-23,73.83333333333333,64.5,84.25,42.25
2020-12-24,50.5,41.0,53.5,30.0
2020-12-25,57.3125,47.0,64.5,36.25
2020-12-26,39.95744680851064,36.0,42.5,30.0
2020-12-27,61.212765957446805,45.0,62.0,34.5
2020-12-28,73.2127659574468,51.0,89.5,40.0
2020-12-29,58.4375,51.0,64.5,44.75
2020-12-30,74.79166666666667,65.0,84.0,55.0
2020-12-31,64.95833333333333,64.0,77.5,50.0
2021-01-01,41.645833333333336,37.0,45.5,34.75
2021-01-02,63.75,43.0,81.25,33.0
2021-01-03,108.60416666666667,70.5,113.0,56.0
2021-01-04,173.56521739130434,125.0,210.0,87.0
2021-01-05,90.14583333333333,77.0,96.25,62.0
2021-01-06,77.82978723404256,67.0,96.0,55.0
2021-01-07,85.64583333333333,74.0,91.0,61.0
2021-01-08,85.47916666666667,71.5,90.0,61.75
2021-01-09,60.3125,54.5,68.0,50.0
2021-01-10,53.020833333333336,46.0,55.0,42.0
2021-01-11,143.1875,97.5,150.5,70.0
2021-01-12,52.854166666666664,49.5,55.25,43.25
2021-01-13,42.145833333333336,38.5,42.25,36.0
2021-01-14,52.166666666666664,41.5,53.5,36.0
2021-01-15,51.604166666666664,41.0,55.0,36.75
2021-01-16,49.270833333333336,41.5,52.75,36.75
2021-01-17,37.5,35.0,40.0,33.0
2021-01-18,44.625,41.0,50.0,35.0
2021-01-19,61.875,57.0,75.5,45.0
2021-01-20,51.791666666666664,46.0,57.25,40.0
2021-01-21,76.27083333333333,57.0,109.25,45.75
2021-01-22,81.5625,68.5,86.25,57.5
2021-01-23,52.8125,52.0,58.0,48.75
2021-01-24,52.166666666666664,48.5,57.0,42.0
2021-01-25,71.375,61.5,80.5,53.0
2021-01-26,53.604166666666664,51.0,55.25,45.75
2021-01-27,63.916666666666664,52.0,62.5,48.0
2021-01-28,61.375,55.5,68.75,49.75
2021-01-29,91.14583333333333,81.5,107.5,65.0
2021-01-30,72.58333333333333,62.0,90.0,52.0
2021-01-31,90.0625,81.0,101.25,70.5
2021-02-01,108.23913043478261,109.5,122.75,91.25
2021-02-02,138.33333333333334,133.0,174.5,96.75
2021-02-03,125.0625,110.5,150.0,98.0
2021-02-04,174.97916666666666,168.0,214.5,129.75
2021-02-05,187.04166666666666,170.0,207.0,142.75
2021-02-06,142.45833333333334,115.5,144.75,111.75
2021-02-07,113.5,100.0,112.5,94.75
2021-02-08,150.52083333333334,110.5,185.75,90.75
2021-02-09,155.70212765957447,146.0,175.5,122.0
2021-02-10,151.0,142.0,174.25,117.75
2021-02-11,125.04255319148936,112.0,134.5,94.5
2021-02-12,130.7872340425532,113.0,148.5,100.0
2021-02-13,130.8125,125.5,146.75,101.75
2021-02-14,105.8125,100.0,111.75,90.75
2021-02-15,128.39583333333334,110.5,140.5,90.0
2021-02-16,125.04166666666667,121.0,143.0,105.25
2021-02-17,129.59574468085106,112.0,157.0,95.0
2021-02-18,144.45833333333334,147.5,163.0,117.0
2021-02-19,144.6875,136.5,162.5,121.0
2021-02-20,150.1875,138.5,170.0,118.75
2021-02-21,115.58333333333333,106.0,132.0,95.75
2021-02-22,204.97916666666666,132.0,219.0,107.0
2021-02-23,297.8541666666667,225.5,393.5,176.75
2021-02-24,155.72916666666666,135.5,155.0,115.75
2021-02-25,130.22916666666666,126.0,147.25,106.5
2021-02-26,123.5625,114.5,132.5,100.75
2021-02-27,90.63829787234043,89.0,98.5,80.0
2021-02-28,83.25,79.0,89.5,70.0
2021-03-01,87.64583333333333,77.5,102.25,68.75
2021-03-02,87.08333333333333,77.0,103.5,68.0
2021-03-03,97.47916666666667,87.0,118.0,73.75
2021-03-04,84.5625,82.0,98.25,69.0
2021-03-05,101.33333333333333,100.5,116.0,82.25
2021-03-06,74.25,66.0,80.0,61.75
2021-03-07,103.125,92.0,120.75,78.75
2021-03-08,103.97872340425532,102.0,117.5,88.0
2021-03-09,105.66666666666667,103.5,115.0,91.0
2021-03-10,107.25531914893617,100.0,118.5,87.5
2021-03-11,106.2127659574468,92.0,121.5,81.5
2021-03-12,136.10638297872342,129.0,162.0,115.0
2021-03-13,134.39583333333334,126.5,156.5,110.0
2021-03-14,123.58333333333333,119.0,138.25,106.5
2021-03-15,151.75,150.5,172.0,128.0
2021-03-16,159.72916666666666,138.0,190.5,121.5
2021-03-17,160.10416666666666,159.5,183.25,131.75
2021-03-18,150.29166666666666,136.5,170.0,128.75
2021-03-19,126.9375,123.5,138.25,115.0
2021-03-20,114.1875,104.0,125.25,99.75
2021-03-21,111.5625,99.5,129.25,91.0
2021-03-22,152.54166666666666,135.0,213.5,106.75
2021-03-23,132.69565217391303,130.5,148.5,110.25
2021-03-24,146.20833333333334,137.5,174.25,112.75
2021-03-25,150.85416666666666,142.5,163.75,118.75
2021-03-26,122.06382978723404,111.0,134.5,102.0
2021-03-27,94.04166666666667,88.0,100.5,84.75
2021-03-28,100.08333333333333,88.5,111.75,80.0
2021-03-29,117.41666666666667,101.5,148.25,85.0
2021-03-30,134.375,127.0,141.75,108.25
2021-03-31,176.27083333333334,154.5,221.75,128.0
2021-04-01,164.95833333333334,160.0,181.75,142.0
2021-04-02,152.59574468085106,146.0,159.5,127.0
2021-04-03,119.85416666666667,114.0,125.0,105.0
2021-04-04,96.0,90.0,97.0,87.0
2021-04-05,121.72916666666667,103.0,155.0,84.0
2021-04-06,125.70833333333333,116.5,144.0,102.75
2021-04-07,125.04166666666667,123.0,146.5,105.0
2021-04-08,118.27659574468085,96.0,106.5,91.0
2021-04-09,95.25,89.5,106.75,81.0
2021-04-10,81.41666666666667,78.0,87.0,75.0
2021-04-11,66.51063829787235,65.0,69.0,64.0
2021-04-12,79.97916666666667,79.0,89.25,62.75
2021-04-13,97.125,79.5,110.25,67.0
2021-04-14,111.76595744680851,105.0,118.0,93.5
2021-04-15,160.48936170212767,83.0,106.5,71.0
2021-04-16,140.46808510638297,121.0,167.5,106.0
2021-04-17,120.5,118.0,136.25,105.0
2021-04-18,129.0212765957447,116.0,135.0,96.5
2021-04-19,154.20833333333334,139.0,197.75,103.5
2021-04-20,223.5625,210.5,265.25,180.25
2021-04-21,138.27083333333334,138.5,152.25,120.0
2021-04-22,113.54166666666667,107.5,118.5,99.0
2021-04-23,95.91666666666667,82.5,97.25,75.0
2021-04-24,52.276595744680854,53.0,56.0,50.0
2021-04-25,42.06382978723404,40.0,44.5,38.0
2021-04-26,41.395833333333336,40.0,46.25,38.0
2021-04-27,46.354166666666664,45.0,56.25,36.0
2021-04-28,56.6875,44.0,72.5,36.5
2021-04-29,50.020833333333336,44.5,53.75,40.0
2021-04-30,38.708333333333336,36.0,42.0,32.0
2021-05-01,86.41666666666667,31.5,41.5,25.0
2021-05-02,27.916666666666668,24.5,32.0,23.0
2021-05-03,45.104166666666664,34.0,67.5,24.75
2021-05-04,48.354166666666664,42.5,56.5,34.0
2021-05-05,40.833333333333336,35.0,52.25,29.75
2021-05-06,47.91489361702128,42.0,54.5,36.0
2021-05-07,48.458333333333336,44.0,51.5,37.0
2021-05-08,108.75,84.0,156.5,50.75
2021-05-09,99.19148936170212,88.0,98.0,75.5
2021-05-10,186.08510638297872,199.0,253.0,99.0
2021-05-11,254.0625,252.5,291.5,223.25
2021-05-12,238.6595744680851,216.0,279.5,175.5
2021-05-13,135.91666666666666,126.0,153.5,100.75
2021-05-14,101.4375,94.0,112.25,81.0
2021-05-15,74.75,73.0,82.0,65.75
2021-05-16,61.04255319148936,50.0,74.5,41.5
2021-05-17,69.76595744680851,62.0,79.0,56.0
2021-05-18,65.10416666666667,59.5,77.75,49.0
2021-05-19,233.45833333333334,142.5,230.5,93.25
2021-05-20,95.10416666666667,73.5,106.25,59.0
2021-05-21,82.0,49.5,88.0,42.5
2021-05-22,40.166666666666664,36.0,46.0,33.0
2021-05-23,88.89583333333333,61.5,124.0,31.0
2021-05-24,44.375,40.0,54.25,35.0
2021-05-25,34.291666666666664,33.5,40.0,30.0
2021-05-26,31.916666666666668,30.0,34.0,28.0
2021-05-27,26.25,25.0,29.25,23.0
2021-05-28,27.645833333333332,27.0,31.25,22.0
2021-05-29,22.0,21.0,23.0,19.0
2021-05-30,17.875,17.0,19.25,17.0
2021-05-31,20.5,17.0,24.0,16.0
2021-06-01,20.0,19.0,22.0,15.0
2021-06-02,19.208333333333332,18.5,20.0,16.75
2021-06-03,20.041666666666668,19.0,23.0,16.0
2021-06-04,17.0,15.0,18.75,15.0
2021-06-05,12.645833333333334,12.5,14.0,12.0
2021-06-06,10.020833333333334,10.0,10.25,10.0
2021-06-07,13.25,11.0,14.0,10.0
2021-06-08,17.895833333333332,12.0,20.0,10.0
2021-06-09,13.604166666666666,11.0,13.25,10.0
2021-06-10,11.46808510638298,9.0,13.0,8.5
2021-06-11,12.604166666666666,10.0,16.0,8.0
2021-06-12,9.854166666666666,8.0,10.25,7.75
2021-06-13,6.583333333333333,6.0,7.0,5.0
2021-06-14,10.145833333333334,7.0,14.0,5.0
2021-06-15,10.645833333333334,10.0,11.25,7.0
2021-06-16,11.25,10.0,13.0,7.0
2021-06-17,12.0,10.5,15.0,7.0
2021-06-18,11.354166666666666,10.0,13.0,7.0
2021-06-19,7.979166666666667,7.0,8.0,6.0
2021-06-20,7.723404255319149,6.0,7.5,5.0
2021-06-21,24.333333333333332,22.0,32.75,13.0
2021-06-22,43.333333333333336,25.5,41.5,17.5
2021-06-23,11.229166666666666,9.5,14.25,7.0
2021-06-24,9.125,8.0,12.0,5.0
2021-06-25,13.166666666666666,10.0,16.0,5.0
2021-06-26,5.854166666666667,5.0,6.0,4.0
2021-06-27,9.063829787234043,5.0,7.0,4.0
2021-06-28,12.958333333333334,11.5,18.0,5.75
2021-06-29,12.729166666666666,11.5,15.0,7.0
2021-06-30,14.23404255319149,11.0,18.5,8.0
2021-07-01,12.875,12.5,15.25,11.0
2021-07-02,8.170212765957446,6.0,10.0,5.0
2021-07-03,5.270833333333333,4.0,5.0,4.0
2021-07-04,5.145833333333333,4.0,5.0,4.0
2021-07-05,6.583333333333333,4.5,9.25,4.0
2021-07-06,34.91489361702128,40.0,52.0,7.5
2021-07-07,26.595744680851062,26.0,30.5,21.5
2021-07-08,24.0,22.5,29.0,19.5
2021-07-09,16.95744680851064,16.0,20.5,13.0
2021-07-10,8.979166666666666,8.0,11.0,7.0
2021-07-11,6.229166666666667,6.0,7.0,5.0
2021-07-12,17.895833333333332,15.0,22.25,10.0
2021-07-13,21.645833333333332,21.0,25.0,18.0
2021-07-14,29.020833333333332,27.0,34.25,24.0
2021-07-15,29.1875,27.5,34.25,24.0
2021-07-16,28.148936170212767,26.0,29.5,20.0
2021-07-17,18.083333333333332,17.0,22.25,14.75
2021-07-18,18.574468085106382,15.0,20.0,12.5
2021-07-19,17.46808510638298,15.0,22.5,12.0
2021-07-20,22.291666666666668,18.5,25.25,14.75
2021-07-21,14.25,13.0,16.25,11.0
2021-07-22,18.083333333333332,16.0,20.0,13.0
2021-07-23,15.422222222222222,13.0,18.0,12.0
2021-07-24,12.020833333333334,11.0,13.25,10.0
2021-07-25,13.375,12.0,14.25,10.0
2021-07-26,24.729166666666668,22.5,32.25,17.75
2021-07-27,29.666666666666668,20.0,26.25,15.0
2021-07-28,25.645833333333332,25.0,28.5,21.0
2021-07-29,22.666666666666668,20.0,24.25,18.0
2021-07-30,26.0,26.0,30.0,22.0
2021-07-31,23.875,20.0,27.5,17.75
2021-08-01,24.825,23.0,27.0,19.0
2021-08-02,30.083333333333332,23.0,31.25,19.0
2021-08-03,36.744680851063826,30.0,37.0,25.0
2021-08-04,29.729166666666668,26.5,35.5,22.75
2021-08-05,46.604166666666664,37.5,49.5,33.0
2021-08-06,37.520833333333336,33.0,45.0,30.0
2021-08-07,37.645833333333336,36.0,43.0,33.0
2021-08-08,37.041666666666664,30.0,40.25,26.0
2021-08-09,47.583333333333336,34.0,46.0,28.0
2021-08-10,39.270833333333336,37.0,42.25,31.0
2021-08-11,46.354166666666664,41.0,53.25,37.0
2021-08-12,41.0,36.5,41.5,33.0
2021-08-13,42.833333333333336,36.5,48.25,30.0
2021-08-14,35.145833333333336,34.5,40.0,31.0
2021-08-15,33.854166666666664,28.0,39.0,25.0
2021-08-16,42.875,40.0,48.25,32.0
2021-08-17,43.833333333333336,39.0,50.25,34.0
2021-08-18,39.476190476190474,36.0,40.0,31.0
2021-08-19,33.770833333333336,29.5,43.25,22.75
2021-08-20,35.5,32.0,39.75,28.0
2021-08-21,30.770833333333332,29.5,37.25,22.0
2021-08-22,31.666666666666668,30.0,35.75,21.75
2021-08-23,53.791666666666664,48.5,67.25,37.0
2021-08-24,68.8125,64.0,80.25,56.75
2021-08-25,81.66666666666667,75.5,95.0,62.0
2021-08-26,78.02083333333333,72.0,86.5,61.5
2021-08-27,94.12765957446808,68.0,90.5,61.5
2021-08-28,74.89583333333333,62.5,73.0,54.25
2021-08-29,74.83333333333333,61.5,84.5,51.75
2021-08-30,91.93617021276596,74.0,97.5,63.0
2021-08-31,96.97872340425532,87.0,105.5,74.5
2021-09-01,148.14893617021278,93.0,132.0,78.0
2021-09-02,100.28260869565217,89.0,121.0,74.5
2021-09-03,137.9777777777778,127.0,163.0,103.0
2021-09-04,105.79166666666667,96.0,119.0,86.75
2021-09-05,102.35416666666667,91.5,105.75,78.75
2021-09-06,99.3913043478261,92.0,107.75,84.25
2021-09-07,120.91489361702128,101.0,125.5,81.5
2021-09-08,141.06382978723406,112.0,148.5,86.0
2021-09-09,122.34042553191489,101.0,133.0,89.5
2021-09-10,84.10416666666667,80.5,93.0,72.0
2021-09-11,61.479166666666664,63.0,68.0,56.25
2021-09-12,58.541666666666664,52.5,64.0,45.75
2021-09-13,64.22916666666667,56.5,71.0,50.0
2021-09-14,56.520833333333336,54.0,61.25,42.0
2021-09-15,63.375,57.5,80.75,44.75
2021-09-16,70.3125,63.5,74.25,52.0
2021-09-17,66.54166666666667,60.0,75.25,48.0
2021-09-18,49.25,47.0,54.0,42.0
2021-09-19,45.520833333333336,41.5,49.25,37.75
2021-09-20,75.91666666666667,66.0,88.5,53.75
2021-09-21,84.5625,74.5,110.25,48.25
2021-09-22,64.97916666666667,59.5,72.25,44.0
2021-09-23,65.52083333333333,57.5,72.25,47.0
2021-09-24,65.70833333333333,61.5,75.5,49.0
2021-09-25,42.5625,41.0,46.0,35.5
2021-09-26,59.416666666666664,50.5,65.75,44.75
2021-09-27,73.3125,64.5,77.0,54.75
2021-09-28,84.85416666666667,76.0,89.25,60.5
2021-09-29,64.45833333333333,59.5,77.25,46.0
2021-09-30,106.16666666666667,76.5,99.0,63.5
2021-10-01,76.7872340425532,70.0,93.0,59.0
2021-10-02,59.916666666666664,53.0,61.0,44.75
2021-10-03,58.229166666666664,52.0,62.0,45.0
2021-10-04,90.52083333333333,81.5,97.0,63.25
2021-10-05,114.79166666666667,96.5,122.5,78.0
2021-10-06,132.5625,122.5,136.5,100.0
2021-10-07,128.8125,118.5,139.0,106.0
2021-10-08,110.91489361702128,99.0,121.5,86.0
2021-10-09,73.7872340425532,72.0,86.5,62.5
2021-10-10,79.64583333333333,62.5,80.75,54.0
2021-10-11,105.1875,86.5,110.75,69.25
2021-10-12,80.66666666666667,77.0,92.5,66.75
2021-10-13,90.0625,82.5,104.75,73.0
2021-10-14,122.14583333333333,102.5,121.0,82.5
2021-10-15,118.65957446808511,108.0,132.5,96.0
2021-10-16,80.8125,73.5,84.5,68.75
2021-10-17,68.42553191489361,63.0,74.0,57.5
2021-10-18,85.60416666666667,77.0,93.25,58.75
2021-10-19,67.75,65.0,80.75,51.75
2021-10-20,74.83333333333333,68.0,86.75,56.5
2021-10-21,93.1875,77.0,89.25,60.75
2021-10-22,83.5,74.5,93.5,57.0
2021-10-23,61.666666666666664,60.5,68.25,50.75
2021-10-24,65.70833333333333,57.5,72.25,48.0
2021-10-25,85.1875,76.0,107.0,63.0
2021-10-26,117.95833333333333,104.0,130.5,88.75
2021-10-27,149.89583333333334,139.0,181.5,111.0
2021-10-28,169.375,158.5,196.25,139.0
2021-10-29,161.72916666666666,158.0,182.25,134.5
2021-10-30,142.45833333333334,132.5,163.5,120.0
2021-10-31,135.33333333333334,132.0,149.25,121.0
2021-11-01,143.52083333333334,138.5,164.5,117.0
2021-11-02,162.35416666666666,161.0,175.25,132.0
2021-11-03,146.9787234042553,140.0,159.5,128.5
2021-11-04,137.02083333333334,132.5,157.0,114.5
2021-11-05,120.54166666666667,115.0,134.25,100.75
2021-11-06,98.72916666666667,93.0,103.75,82.0
2021-11-07,91.75,84.0,104.5,76.0
2021-11-08,111.95744680851064,111.0,130.0,85.5
2021-11-09,159.60416666666666,154.5,184.25,128.75
2021-11-10,153.54166666666666,146.5,179.5,118.0
2021-11-11,152.29166666666666,142.0,180.0,122.75
2021-11-12,143.02173913043478,138.0,159.75,129.25
2021-11-13,121.10416666666667,113.5,135.25,103.75
2021-11-14,104.4375,105.5,117.5,91.0
2021-11-15,139.64583333333334,125.0,162.0,108.75
2021-11-16,130.375,131.5,144.75,109.75
2021-11-17,121.39583333333333,118.5,135.25,105.0
2021-11-18,134.89583333333334,129.5,153.25,108.5
2021-11-19,117.17021276595744,117.0,129.0,104.0
2021-11-20,97.5625,94.0,113.25,86.0
2021-11-21,100.54166666666667,91.0,110.25,80.75
2021-11-22,140.5,122.5,160.5,112.5
2021-11-23,122.6875,119.5,141.25,94.75
2021-11-24,121.57446808510639,113.0,142.5,96.0
2021-11-25,116.5625,113.0,132.25,99.0
2021-11-26,107.91666666666667,104.5,111.5,88.75
2021-11-27,101.89583333333333,96.5,112.0,81.75
2021-11-28,103.95744680851064,91.0,125.5,77.5
2021-11-29,112.70833333333333,111.0,129.5,90.25
2021-11-30,152.70833333333334,114.0,139.25,98.5
2021-12-01,129.33333333333334,124.5,147.0,107.75
2021-12-02,101.5,96.5,112.25,84.0
2021-12-03,98.35416666666667,93.0,115.0,81.0
2021-12-04,137.41666666666666,98.0,118.75,87.0
2021-12-05,94.02083333333333,86.0,106.0,74.0
2021-12-06,99.41666666666667,92.5,112.0,80.75
2021-12-07,89.22916666666667,88.0,98.5,76.75
2021-12-08,77.10416666666667,73.0,90.0,64.0
2021-12-09,75.3125,72.5,84.25,66.0
2021-12-10,73.25,65.0,82.0,54.25
2021-12-11,68.83333333333333,60.5,77.0,50.0
2021-12-12,55.791666666666664,52.0,65.0,40.75
2021-12-13,73.10416666666667,76.0,96.75,46.75
2021-12-14,72.5,69.0,85.0,58.5
2021-12-15,80.39583333333333,72.5,91.25,59.0
2021-12-16,98.4375,64.5,151.5,57.75
2021-12-17,78.85416666666667,68.5,85.25,55.75
2021-12-18,58.25,56.0,65.0,44.75
2021-12-19,50.395833333333336,45.0,56.75,36.75
2021-12-20,58.604166666666664,52.0,67.25,43.25
2021-12-21,60.270833333333336,60.5,71.0,49.0
2021-12-22,72.04255319148936,65.0,93.0,46.0
2021-12-23,71.6875,66.0,83.25,58.0
2021-12-24,62.604166666666664,59.0,76.0,49.5
2021-12-25,66.79166666666667,64.0,72.25,56.75
2021-12-26,50.854166666666664,49.5,56.25,41.0
2021-12-27,72.35416666666667,63.5,83.25,53.75
2021-12-28,97.20454545454545,86.5,106.0,68.5
2021-12-29,114.58333333333333,111.0,129.5,91.75
2021-12-30,101.52083333333333,95.5,115.0,84.5
2021-12-31,87.5,81.0,94.5,75.0
2022-01-01,76.47916666666667,70.0,82.75,59.0
2022-01-02,99.83333333333333,78.0,111.5,67.75
2022-01-03,99.8125,91.0,117.5,75.75
2022-01-04,117.77083333333333,104.0,128.0,88.5
2022-01-05,137.58333333333334,123.5,162.0,96.75
2022-01-06,122.52083333333333,118.5,136.25,100.75
2022-01-07,132.89361702127658,127.0,152.5,106.5
2022-01-08,99.14583333333333,95.0,113.75,70.75
2022-01-09,142.22916666666666,127.5,175.5,107.0
2022-01-10,197.33333333333334,203.0,256.5,142.25
2022-01-11,167.47916666666666,161.0,191.0,142.75
2022-01-12,168.35416666666666,153.5,179.5,133.0
2022-01-13,146.46808510638297,141.0,163.5,128.0
2022-01-14,173.5,147.5,172.5,122.75
2022-01-15,127.60416666666667,115.5,149.0,105.0
2022-01-16,119.875,111.5,131.25,94.75
2022-01-17,128.39583333333334,126.0,156.25,91.75
2022-01-18,111.34042553191489,106.0,127.0,92.5
2022-01-19,113.10416666666667,98.0,130.0,87.0
2022-01-20,121.29166666666667,104.0,141.5,81.75
2022-01-21,168.61702127659575,150.0,196.0,116.5
2022-01-22,145.89361702127658,134.0,158.0,115.5
2022-01-23,108.47916666666667,106.0,122.0,88.75
2022-01-24,120.76595744680851,117.0,138.5,98.5
2022-01-25,120.02083333333333,107.0,146.5,88.75
2022-01-26,128.08333333333334,115.5,144.5,95.0
2022-01-27,142.41666666666666,123.0,161.5,99.0
2022-01-28,123.29166666666667,117.0,144.25,100.75
2022-01-29,107.27083333333333,99.5,121.25,86.75
2022-01-30,102.54166666666667,91.0,112.5,79.5
2022-01-31,106.20833333333333,98.0,128.5,80.75
2022-02-01,135.77083333333334,126.0,152.75,95.25
2022-02-02,132.2608695652174,110.0,167.0,82.25
2022-02-03,113.72916666666667,96.5,134.25,79.75
2022-02-04,98.27659574468085,94.0,117.5,75.5
2022-02-05,70.33333333333333,70.0,84.5,56.25
2022-02-06,65.95833333333333,58.0,78.5,48.5
2022-02-07,101.25,94.0,122.0,71.5
2022-02-08,78.85416666666667,74.0,91.0,65.75
2022-02-09,81.66666666666667,74.0,106.0,55.25
2022-02-10,76.76595744680851,69.0,103.0,49.0
2022-02-11,67.5,63.5,86.25,45.75
2022-02-12,60.75,56.0,65.0,42.5
2022-02-13,49.361702127659576,48.0,57.0,39.0
2022-02-14,55.145833333333336,47.0,71.25,38.5
2022-02-15,52.854166666666664,51.0,60.25,39.0
2022-02-16,74.17391304347827,63.0,87.75,51.25
2022-02-17,68.0625,68.0,83.0,50.0
2022-02-18,89.125,80.0,112.0,62.75
2022-02-19,59.708333333333336,56.0,70.5,45.0
2022-02-20,58.729166666666664,52.5,72.25,43.25
2022-02-21,82.83333333333333,73.5,109.0,56.75
2022-02-22,81.3125,73.0,90.25,54.0
2022-02-23,71.875,61.5,84.0,45.0
2022-02-24,80.04545454545455,67.5,90.0,53.75
2022-02-25,51.82222222222222,45.0,61.0,37.0
2022-02-26,43.4375,38.0,51.25,28.75
2022-02-27,41.458333333333336,33.5,47.25,28.0
2022-02-28,67.3125,51.0,69.25,38.5
2022-03-01,51.395833333333336,51.0,55.0,40.0
2022-03-02,47.729166666666664,43.0,57.5,33.5
2022-03-03,44.833333333333336,43.5,50.25,34.75
2022-03-04,43.3125,39.0,55.25,27.75
2022-03-05,32.895833333333336,33.5,39.25,22.75
2022-03-06,40.520833333333336,24.0,47.0,19.0
2022-03-07,35.04255319148936,31.0,41.0,24.0
2022-03-08,34.958333333333336,33.0,47.25,20.75
2022-03-09,36.75,35.0,43.0,25.75
2022-03-10,30.5625,29.0,34.25,23.0
2022-03-11,28.916666666666668,25.0,33.5,19.75
2022-03-12,20.708333333333332,19.0,25.0,15.0
2022-03-13,26.48936170212766,25.0,30.5,18.0
2022-03-14,28.791666666666668,25.5,36.25,18.0
2022-03-15,34.6875,31.0,43.25,17.75
2022-03-16,37.3125,35.0,47.25,23.0
2022-03-17,53.270833333333336,36.0,64.25,22.0
2022-03-18,48.520833333333336,43.5,59.5,34.0
2022-03-19,27.666666666666668,25.0,33.25,21.0
2022-03-20,22.75,20.0,27.75,15.0
2022-03-21,30.170212765957448,26.0,39.0,20.0
2022-03-22,36.854166666666664,35.5,43.25,26.75
2022-03-23,33.8125,31.5,40.25,24.0
2022-03-24,45.229166666666664,42.0,53.0,29.75
2022-03-25,42.9375,35.5,53.0,27.0
2022-03-26,28.854166666666668,27.0,34.0,23.0
2022-03-27,31.895833333333332,24.0,37.0,18.0
2022-03-28,65.97916666666667,40.0,56.5,25.0
2022-03-29,43.083333333333336,39.0,49.25,33.75
2022-03-30,48.15555555555556,38.0,63.0,30.0
2022-03-31,45.645833333333336,41.0,49.25,33.75
2022-04-01,59.625,54.0,73.25,41.75
2022-04-02,49.270833333333336,47.0,57.25,40.0
2022-04-03,49.958333333333336,42.0,50.75,37.75
2022-04-04,58.729166666666664,53.5,68.0,44.0
2022-04-05,126.58333333333333,61.0,73.5,50.75
2022-04-06,53.479166666666664,52.0,58.25,44.75
2022-04-07,60.48936170212766,46.0,64.0,38.5
2022-04-08,52.354166666666664,46.0,62.0,39.75
2022-04-09,32.166666666666664,30.5,35.5,27.0
2022-04-10,29.522727272727273,27.0,35.25,22.75
2022-04-11,43.361702127659576,36.0,59.5,24.0
2022-04-12,44.270833333333336,41.0,50.5,36.75
2022-04-13,45.479166666666664,44.5,55.5,32.0
2022-04-14,43.8125,40.5,55.0,32.0
2022-04-15,36.25,34.0,41.0,29.0
2022-04-16,26.333333333333332,23.0,28.25,20.0
2022-04-17,23.382978723404257,22.0,26.5,19.0
2022-04-18,34.02127659574468,30.0,41.5,22.0
2022-04-19,37.395833333333336,36.0,42.0,29.0
2022-04-20,69.0,43.5,63.5,37.0
2022-04-21,58.375,60.5,70.0,40.0
2022-04-22,49.541666666666664,43.5,62.0,33.0
2022-04-23,30.085106382978722,29.0,35.0,24.0
2022-04-24,31.319148936170212,25.0,35.5,20.5
2022-04-25,49.479166666666664,42.0,65.0,31.5
2022-04-26,44.333333333333336,39.5,57.5,28.0
2022-04-27,45.916666666666664,38.5,53.5,33.0
2022-04-28,43.91304347826087,39.0,53.75,32.25
2022-04-29,45.645833333333336,40.5,55.0,35.0
2022-04-30,43.73913043478261,38.5,54.5,32.0
2022-05-01,530.6170212765958,59.0,94.0,43.5
2022-05-02,64.14583333333333,58.5,79.25,44.75
2022-05-03,59.787234042553195,54.0,65.0,46.0
2022-05-04,47.145833333333336,45.0,53.0,37.0
2022-05-05,52.46808510638298,44.0,60.5,33.5
2022-05-06,38.666666666666664,37.0,42.0,32.5
2022-05-07,30.291666666666668,28.5,34.0,25.5
2022-05-08,22.74468085106383,22.0,25.5,18.5
2022-05-09,53.125,32.5,72.0,23.0
2022-05-10,52.6875,45.5,60.25,37.75
2022-05-11,128.08333333333334,89.0,141.75,45.25
2022-05-12,200.83333333333334,149.0,230.25,104.75
2022-05-13,70.5625,63.5,82.0,53.0
2022-05-14,32.479166666666664,33.0,38.25,25.75
2022-05-15,23.020833333333332,21.0,26.0,17.0
2022-05-16,22.666666666666668,20.0,25.0,16.75
2022-05-17,32.458333333333336,28.0,34.0,22.5
2022-05-18,24.541666666666668,24.0,30.25,18.0
2022-05-19,24.333333333333332,23.0,30.25,17.75
2022-05-20,28.020833333333332,23.5,31.5,18.5
2022-05-21,17.895833333333332,16.0,23.0,12.75
2022-05-22,20.916666666666668,16.0,27.75,12.75
2022-05-23,24.0625,22.0,27.25,16.0
2022-05-24,25.520833333333332,24.0,31.25,15.0
2022-05-25,32.229166666666664,25.0,36.5,18.75
2022-05-26,43.625,42.5,57.5,29.75
2022-05-27,36.02127659574468,37.0,43.5,28.0
2022-05-28,19.29787234042553,17.0,22.5,13.0
2022-05-29,22.217391304347824,19.0,28.75,13.0
2022-05-30,29.104166666666668,28.0,32.25,23.5
2022-05-31,44.12765957446808,38.0,54.5,24.0
2022-06-01,56.708333333333336,46.5,63.75,39.0
2022-06-02,57.416666666666664,49.0,65.5,40.75
2022-06-03,57.520833333333336,53.5,66.75,41.0
2022-06-04,49.625,43.5,52.25,30.75
2022-06-05,51.170212765957444,42.0,62.0,34.0
2022-06-06,48.08510638297872,44.0,58.5,36.5
2022-06-07,55.5625,43.5,66.25,34.0
2022-06-08,66.8125,60.5,82.25,53.0
2022-06-09,60.104166666666664,51.0,70.0,33.75
2022-06-10,50.083333333333336,46.0,54.25,41.5
2022-06-11,34.25,29.5,37.25,24.75
2022-06-12,33.729166666666664,27.5,40.25,22.0
2022-06-13,83.14893617021276,70.0,101.5,47.5
2022-06-14,55.166666666666664,41.0,60.25,33.0
2022-06-15,61.041666666666664,53.0,75.25,36.75
2022-06-16,35.645833333333336,34.5,41.0,27.75
2022-06-17,34.895833333333336,29.0,39.0,21.75
2022-06-18,50.458333333333336,30.0,47.75,20.0
2022-06-19,23.5625,21.0,28.5,17.0
2022-06-20,26.604166666666668,24.5,31.5,16.0
2022-06-21,33.479166666666664,25.5,46.25,19.0
2022-06-22,31.395833333333332,26.5,38.0,21.0
2022-06-23,46.916666666666664,35.5,53.5,25.0
2022-06-24,34.75,33.0,38.0,24.0
2022-06-25,35.833333333333336,32.0,43.0,23.75
2022-06-26,36.8125,30.0,38.75,21.5
2022-06-27,44.5625,32.5,55.5,23.75
2022-06-28,36.8125,34.0,44.25,24.0
2022-06-29,45.604166666666664,38.0,56.5,28.75
2022-06-30,43.895833333333336,38.5,50.75,29.75
2022-07-01,29.625,22.5,36.25,16.0
2022-07-02,14.914893617021276,12.0,16.5,9.0
2022-07-03,14.958333333333334,14.0,18.25,9.75
2022-07-04,21.354166666666668,18.0,28.25,14.0
2022-07-05,26.270833333333332,23.0,35.0,15.0
2022-07-06,25.604166666666668,22.5,33.0,17.0
2022-07-07,32.47826086956522,28.5,45.5,16.0
2022-07-08,22.78723404255319,20.0,26.5,15.0
2022-07-09,16.958333333333332,13.0,19.25,10.0
2022-07-10,14.8125,12.0,18.0,9.0
2022-07-11,21.25,20.5,25.5,12.0
2022-07-12,19.395833333333332,17.0,22.25,14.0
2022-07-13,26.354166666666668,19.0,27.5,14.5
2022-07-14,31.0,18.0,37.5,11.5
2022-07-15,27.25,23.5,33.25,15.0
2022-07-16,19.4375,13.0,22.25,9.75
2022-07-17,20.361702127659573,14.0,24.5,10.5
2022-07-18,28.41304347826087,22.0,32.0,15.0
2022-07-19,27.4375,23.0,32.0,14.0
2022-07-20,24.8125,20.0,31.0,15.0
2022-07-21,16.833333333333332,14.5,18.0,10.0
2022-07-22,14.25,11.0,17.5,8.0
2022-07-23,11.833333333333334,8.0,12.0,7.0
2022-07-24,8.8125,7.5,10.25,5.0
2022-07-25,15.25,10.0,20.25,7.5
2022-07-26,19.958333333333332,17.5,25.25,12.0
2022-07-27,17.5,12.0,25.0,7.0
2022-07-28,19.833333333333332,14.5,25.25,9.0
2022-07-29,13.458333333333334,12.0,14.0,8.0
2022-07-30,7.583333333333333,6.0,9.25,4.0
2022-07-31,6.875,6.0,8.0,5.0
2022-08-01,12.229166666666666,11.5,15.25,7.0
2022-08-02,12.645833333333334,10.0,14.25,7.0
2022-08-03,11.6875,10.0,15.0,7.0
2022-08-04,12.6875,11.5,16.25,8.0
2022-08-05,12.166666666666666,11.0,15.0,8.0
2022-08-06,7.25,6.0,8.0,5.0
2022-08-07,8.020833333333334,6.0,10.0,4.0
2022-08-08,14.354166666666666,12.0,18.0,8.0
2022-08-09,15.270833333333334,13.0,19.25,9.75
2022-08-10,24.479166666666668,17.0,36.0,9.75
2022-08-11,20.520833333333332,20.0,25.0,14.0
2022-08-12,16.416666666666668,12.0,19.25,10.0
2022-08-13,9.8125,8.5,10.25,7.0
2022-08-14,10.125,8.0,13.25,5.75
2022-08-15,16.895833333333332,15.0,19.25,12.0
2022-08-16,11.23404255319149,10.0,13.0,8.0
2022-08-17,10.9375,9.0,12.0,6.0
2022-08-18,11.46808510638298,9.0,13.0,7.0
2022-08-19,15.416666666666666,15.0,18.0,10.0
2022-08-20,9.645833333333334,8.0,11.0,5.0
2022-08-21,5.875,5.0,7.0,3.0
2022-08-22,12.916666666666666,10.5,15.25,8.0
2022-08-23,12.25,11.0,15.0,7.75
2022-08-24,10.291666666666666,9.0,14.0,6.0
2022-08-25,12.416666666666666,9.0,15.25,8.0
2022-08-26,12.041666666666666,10.0,14.25,7.75
2022-08-27,7.625,6.0,9.0,5.0
2022-08-28,7.979166666666667,5.0,11.25,4.0
2022-08-29,13.104166666666666,11.0,18.0,7.0
2022-08-30,17.680851063829788,14.0,23.0,10.0
2022-08-31,20.25,17.5,21.25,13.0
2022-09-01,18.53191489361702,15.0,24.0,11.0
2022-09-02,12.702127659574469,12.0,14.0,9.0
2022-09-03,6.354166666666667,6.0,7.25,5.0
2022-09-04,7.659574468085107,6.0,10.0,4.5
2022-09-05,10.042553191489361,8.0,12.5,6.0
2022-09-06,14.604166666666666,12.0,16.0,9.0
2022-09-07,22.229166666666668,17.0,33.5,12.0
2022-09-08,24.958333333333332,22.0,37.75,12.75
2022-09-09,20.340425531914892,18.0,23.5,12.0
2022-09-10,10.1875,9.0,11.25,7.75
2022-09-11,8.791666666666666,8.0,11.0,5.75
2022-09-12,14.916666666666666,10.5,21.25,6.0
2022-09-13,14.458333333333334,12.0,17.0,8.0
2022-09-14,12.625,10.0,15.25,7.75
2022-09-15,14.708333333333334,12.0,17.25,10.0
2022-09-16,8.76595744680851,7.0,11.0,6.0
2022-09-17,6.48936170212766,5.0,6.0,4.0
2022-09-18,7.934782608695652,4.0,8.75,3.0
2022-09-19,8.604166666666666,6.0,11.25,4.0
2022-09-20,9.604166666666666,8.0,11.25,5.0
2022-09-21,9.125,7.5,12.25,5.0
2022-09-22,8.395833333333334,7.0,10.25,5.0
2022-09-23,7.458333333333333,6.0,9.0,5.0
2022-09-24,4.916666666666667,5.0,5.0,4.0
2022-09-25,6.375,5.0,7.25,4.75
2022-09-26,10.702127659574469,6.0,15.0,5.0
2022-09-27,16.595744680851062,11.0,21.0,9.0
2022-09-28,14.333333333333334,12.0,13.25,10.0
2022-09-29,11.770833333333334,10.0,14.25,8.75
2022-09-30,13.770833333333334,11.0,16.5,10.0
2022-10-01,7.520833333333333,7.0,9.0,5.75
2022-10-02,4.958333333333333,4.5,5.25,4.0
2022-10-03,13.104166666666666,10.5,19.0,7.0
2022-10-04,13.833333333333334,12.0,15.0,8.0
2022-10-05,12.148936170212766,9.0,16.0,5.5
2022-10-06,9.8125,8.0,12.25,5.75
2022-10-07,8.666666666666666,7.0,11.0,5.0
2022-10-08,17.479166666666668,7.5,18.25,5.0
2022-10-09,27.5,25.5,30.25,22.0
2022-10-10,33.166666666666664,34.0,37.25,28.0
2022-10-11,26.06382978723404,25.0,28.5,23.0
2022-10-12,17.608695652173914,17.0,19.0,16.0
2022-10-13,20.382978723404257,18.0,24.0,13.0
2022-10-14,15.645833333333334,15.0,17.0,14.0
2022-10-15,15.5625,15.0,16.0,14.75
2022-10-16,14.041666666666666,13.0,15.0,12.0
2022-10-17,19.19148936170213,14.0,25.5,12.0
2022-10-18,22.80851063829787,17.0,27.0,14.5
2022-10-19,23.3125,19.5,29.25,15.0
2022-10-20,28.914893617021278,21.0,37.0,19.0
2022-10-21,29.833333333333332,25.0,32.25,21.0
2022-10-22,17.979166666666668,17.0,18.25,15.75
2022-10-23,12.74468085106383,12.0,13.0,11.0
2022-10-24,18.0,13.0,21.25,12.0
2022-10-25,18.8125,14.0,24.25,11.0
2022-10-26,16.1875,14.0,17.25,10.0
2022-10-27,14.170212765957446,13.0,16.5,10.0
2022-10-28,14.708333333333334,12.0,17.25,9.75
2022-10-29,11.936170212765957,10.0,12.0,9.0
2022-10-30,8.0,8.0,9.0,7.0
2022-10-31,17.0625,13.5,25.0,7.75
2022-11-01,12.770833333333334,11.0,14.25,10.0
2022-11-02,13.46808510638298,10.0,16.0,10.0
2022-11-03,18.106382978723403,16.0,21.5,14.0
2022-11-04,17.4375,15.0,20.25,14.0
2022-11-05,12.041666666666666,12.0,12.25,11.0
2022-11-06,11.354166666666666,11.0,12.0,10.0
2022-11-07,15.333333333333334,12.0,19.25,11.0
2022-11-08,41.645833333333336,19.5,34.75,13.0
2022-11-09,45.808510638297875,29.0,63.0,18.0
2022-11-10,31.70212765957447,25.0,36.5,21.0
2022-11-11,21.3125,17.0,21.0,15.0
2022-11-12,14.340425531914894,14.0,15.0,13.0
2022-11-13,13.456521739130435,13.0,15.0,11.0
2022-11-14,16.08695652173913,16.0,18.75,13.0
2022-11-15,17.0625,15.5,18.0,14.0
2022-11-16,15.125,14.0,16.25,13.0
2022-11-17,14.804347826086957,14.0,16.0,13.0
2022-11-18,13.02127659574468,12.0,13.0,12.0
2022-11-19,11.645833333333334,11.5,12.0,11.0
2022-11-20,11.875,12.0,12.0,11.0
2022-11-21,12.041666666666666,11.0,12.25,10.0
2022-11-22,14.166666666666666,12.0,16.0,11.0
2022-11-23,12.791666666666666,12.0,13.0,12.0
2022-11-24,11.6875,11.5,12.0,11.0
2022-11-25,10.72340425531915,10.0,11.0,10.0
2022-11-26,10.083333333333334,10.0,11.0,9.0
2022-11-27,10.125,10.0,10.0,9.0
2022-11-28,13.354166666666666,11.0,13.0,10.0
2022-11-29,10.854166666666666,11.0,11.0,10.0
2022-11-30,12.083333333333334,12.0,13.0,11.0
2022-12-01,12.166666666666666,11.0,13.0,11.0
2022-12-02,12.0,11.0,12.0,11.0
2022-12-03,11.5625,11.0,12.0,11.0
2022-12-04,11.395833333333334,11.0,12.0,11.0
2022-12-05,13.270833333333334,12.0,13.0,12.0
2022-12-06,13.97872340425532,13.0,14.5,12.0
2022-12-07,14.875,14.0,15.0,13.0
2022-12-08,14.291666666666666,14.0,14.0,13.0
2022-12-09,28.104166666666668,17.5,27.25,13.75
2022-12-10,15.833333333333334,14.0,16.0,13.75
2022-12-11,14.97872340425532,14.0,14.0,13.0
2022-12-12,15.645833333333334,15.0,18.0,13.0
2022-12-13,16.895833333333332,14.0,20.25,13.0
2022-12-14,15.25,14.0,15.0,13.0
2022-12-15,16.95744680851064,14.0,20.5,13.0
2022-12-16,16.4375,15.0,18.25,13.0
2022-12-17,14.208333333333334,13.0,14.0,12.0
2022-12-18,13.375,13.0,14.0,12.0
2022-12-19,13.666666666666666,12.5,15.0,11.75
2022-12-20,15.375,13.0,18.25,12.0
2022-12-21,13.833333333333334,13.0,14.25,12.0
2022-12-22,14.458333333333334,12.5,16.25,11.0
2022-12-23,13.5625,12.0,13.0,11.75
2022-12-24,11.145833333333334,11.0,12.0,10.0
2022-12-25,10.666666666666666,11.0,11.0,10.0
2022-12-26,11.25,11.0,12.0,10.0
2022-12-27,15.291666666666666,13.0,15.25,12.0
2022-12-28,15.916666666666666,14.0,15.25,13.0
2022-12-29,16.375,15.0,17.0,14.0
2022-12-30,17.083333333333332,15.0,18.0,14.0
2022-12-31,16.041666666666668,16.0,17.0,14.0
2023-01-01,14.25,14.0,15.0,13.0
2023-01-02,15.479166666666666,14.5,16.0,13.0
2023-01-03,17.638297872340427,16.0,19.5,14.0
2023-01-04,19.8125,17.0,21.25,15.0
2023-01-05,19.729166666666668,18.0,23.0,15.0
2023-01-06,20.21276595744681,18.0,24.0,15.0
2023-01-07,14.957446808510639,14.0,15.0,14.0
2023-01-08,17.875,15.0,19.0,14.0
2023-01-09,21.333333333333332,18.5,26.25,15.0
2023-01-10,20.333333333333332,19.0,25.25,14.75
2023-01-11,20.770833333333332,18.0,24.0,16.0
2023-01-12,20.645833333333332,19.0,24.0,16.0
2023-01-13,23.125,18.0,32.0,15.0
2023-01-14,21.395833333333332,19.5,22.25,17.0
2023-01-15,20.170212765957448,16.0,22.0,14.0
2023-01-16,20.3125,17.0,24.0,15.0
2023-01-17,21.770833333333332,20.0,25.0,16.75
2023-01-18,24.645833333333332,19.0,24.25,16.0
2023-01-19,20.25,17.0,22.0,16.0
2023-01-20,20.0625,17.0,25.0,14.75
2023-01-21,17.083333333333332,16.0,18.0,15.0
2023-01-22,15.270833333333334,15.0,16.0,14.0
2023-01-23,18.583333333333332,15.0,19.5,14.0
2023-01-24,20.770833333333332,16.5,23.25,14.0
2023-01-25,18.979166666666668,16.0,22.0,14.0
2023-01-26,19.729166666666668,16.5,23.0,14.75
2023-01-27,19.083333333333332,16.0,20.25,14.75
2023-01-28,15.770833333333334,15.0,16.0,14.0
2023-01-29,21.583333333333332,16.5,22.0,15.0
2023-01-30,17.041666666666668,16.0,18.25,15.0
2023-01-31,23.458333333333332,18.0,29.25,14.75
2023-02-01,25.166666666666668,17.5,22.25,15.75
2023-02-02,26.291666666666668,23.5,34.0,17.0
2023-02-03,28.645833333333332,26.0,32.25,21.0
2023-02-04,21.5625,21.0,24.0,19.0
2023-02-05,20.4375,18.0,21.0,16.75
2023-02-06,23.083333333333332,18.0,29.5,16.0
2023-02-07,30.666666666666668,26.0,38.25,22.0
2023-02-08,32.333333333333336,29.5,37.0,25.75
2023-02-09,33.659574468085104,30.0,39.5,23.0
2023-02-10,24.229166666666668,22.0,28.0,20.0
2023-02-11,17.479166666666668,17.0,17.25,16.0
2023-02-12,16.958333333333332,16.0,18.0,14.0
2023-02-13,23.020833333333332,20.0,31.0,16.0
2023-02-14,53.270833333333336,16.5,40.75,15.0
2023-02-15,35.666666666666664,37.0,43.0,25.0
2023-02-16,37.0,35.0,42.25,29.75
2023-02-17,32.458333333333336,27.0,38.0,24.0
2023-02-18,25.4375,24.0,27.0,22.0
2023-02-19,23.666666666666668,22.0,26.25,20.0
2023-02-20,28.229166666666668,23.5,36.5,20.75
2023-02-21,32.125,27.0,36.0,24.0
2023-02-22,33.02127659574468,28.0,37.0,25.0
2023-02-23,35.833333333333336,33.0,41.25,27.0
2023-02-24,30.395833333333332,28.0,30.0,26.0
2023-02-25,21.270833333333332,21.0,22.0,20.0
2023-02-26,21.020833333333332,20.0,23.0,18.75
2023-02-27,21.958333333333332,20.5,24.25,17.0
2023-02-28,22.75,20.0,25.25,18.0
2023-03-01,29.208333333333332,25.0,34.5,18.0
2023-03-02,25.458333333333332,22.0,27.25,20.0
2023-03-03,27.458333333333332,24.0,31.0,21.0
2023-03-04,22.541666666666668,21.5,25.0,19.0
2023-03-05,24.354166666666668,22.0,28.0,19.0
2023-03-06,32.625,31.5,39.5,23.0
2023-03-07,31.354166666666668,28.5,35.25,23.75
2023-03-08,32.479166666666664,28.0,42.75,21.0
2023-03-09,35.854166666666664,31.0,40.0,26.0
2023-03-10,29.479166666666668,31.0,34.25,23.0
2023-03-11,86.08333333333333,55.5,97.0,40.75
2023-03-12,24.166666666666668,20.0,25.0,19.0
2023-03-13,29.875,23.0,32.25,19.0
2023-03-14,28.5531914893617,24.0,35.5,18.0
2023-03-15,25.770833333333332,23.5,30.0,21.0
2023-03-16,23.479166666666668,22.0,27.0,19.0
2023-03-17,25.6875,22.0,28.0,17.75
2023-03-18,17.229166666666668,16.0,18.0,14.75
2023-03-19,17.916666666666668,15.0,20.0,13.0
2023-03-20,20.208333333333332,16.5,25.25,14.0
2023-03-21,18.041666666666668,16.0,24.0,13.0
2023-03-22,18.583333333333332,15.5,23.25,12.75
2023-03-23,21.833333333333332,18.0,29.5,12.75
2023-03-24,22.625,19.0,29.25,15.75
2023-03-25,17.3125,15.0,19.25,14.0
2023-03-26,17.75,16.0,19.0,14.0
2023-03-27,26.382978723404257,22.0,33.0,16.0
2023-03-28,25.3125,24.0,28.0,22.0
2023-03-29,29.708333333333332,26.0,37.0,24.0
2023-03-30,31.833333333333332,30.0,34.0,27.0
2023-03-31,26.166666666666668,25.0,29.0,22.75
2023-04-01,21.416666666666668,21.0,23.0,19.0
2023-04-02,20.0625,20.0,21.0,18.0
2023-04-03,28.574468085106382,22.0,35.0,19.0
2023-04-04,28.75,24.5,32.0,20.0
2023-04-05,34.787234042553195,34.0,38.5,29.5
2023-04-06,29.0625,27.5,31.25,25.0
2023-04-07,24.166666666666668,22.0,26.0,21.0
2023-04-08,21.125,21.0,22.0,20.0
2023-04-09,21.04255319148936,20.0,22.0,19.0
2023-04-10,24.25,22.0,26.0,20.0
2023-04-11,26.340425531914892,24.0,27.5,21.0
2023-04-12,23.270833333333332,22.0,24.0,20.75
2023-04-13,31.645833333333332,29.0,36.0,25.0
2023-04-14,28.4375,27.5,30.25,25.0
2023-04-15,24.6875,24.0,25.0,23.0
2023-04-16,27.53191489361702,25.0,26.0,23.0
2023-04-17,32.645833333333336,30.0,36.25,27.0
2023-04-18,48.4375,41.0,61.0,34.75
2023-04-19,69.77083333333333,67.5,80.5,52.75
2023-04-20,63.916666666666664,59.5,67.75,53.5
2023-04-21,38.895833333333336,38.0,41.0,36.0
2023-04-22,37.708333333333336,34.0,40.75,32.75
2023-04-23,41.416666666666664,40.0,42.0,37.0
2023-04-24,42.166666666666664,39.0,43.25,37.0
2023-04-25,36.08510638297872,35.0,37.0,34.0
2023-04-26,38.9375,37.0,41.25,35.0
2023-04-27,36.854166666666664,36.0,38.25,34.0
2023-04-28,36.479166666666664,36.0,38.25,34.0
2023-04-29,35.291666666666664,34.0,37.0,32.75
2023-04-30,43.0,36.5,52.25,33.0
2023-05-01,64.5625,66.5,77.5,47.75
2023-05-02,80.1875,77.5,95.0,65.75
2023-05-03,72.54166666666667,70.0,84.0,64.0
2023-05-04,73.47916666666667,69.5,85.25,58.0
2023-05-05,131.72916666666666,130.5,176.5,82.0
2023-05-06,131.97916666666666,123.5,149.25,109.0
2023-05-07,107.14583333333333,106.0,126.5,85.0
2023-05-08,104.5,97.0,124.25,81.0
2023-05-09,92.58333333333333,79.5,115.25,63.0
2023-05-10,92.45833333333333,72.5,114.5,61.0
2023-05-11,95.0625,88.0,111.5,77.75
2023-05-12,64.4375,61.0,72.25,51.5
2023-05-13,41.354166666666664,40.0,43.0,38.0
2023-05-14,39.75,38.0,41.0,36.0
2023-05-15,55.916666666666664,44.5,67.0,39.75
2023-05-16,56.08695652173913,54.0,64.0,43.25
2023-05-17,50.708333333333336,50.0,57.25,40.5
2023-05-18,51.208333333333336,45.0,61.25,40.0
2023-05-19,44.46808510638298,40.0,48.5,35.0
2023-05-20,33.9375,33.0,34.5,30.75
2023-05-21,31.645833333333332,31.0,34.25,27.0
2023-05-22,45.25,36.0,54.5,30.0
2023-05-23,50.659574468085104,47.0,59.5,39.5
2023-05-24,40.75,35.0,45.5,33.0
2023-05-25,36.1063829787234,31.0,40.5,29.0
2023-05-26,29.541666666666668,28.0,33.0,26.0
2023-05-27,25.229166666666668,23.5,25.0,22.75
2023-05-28,28.416666666666668,25.5,31.5,24.0
2023-05-29,34.708333333333336,32.0,38.25,28.75
2023-05-30,44.604166666666664,45.0,53.0,37.75
2023-05-31,37.229166666666664,33.0,45.0,28.75
2023-06-01,38.479166666666664,36.0,42.25,31.75
2023-06-02,31.541666666666668,27.5,30.0,25.0
2023-06-03,23.8125,22.0,25.25,21.0
2023-06-04,21.833333333333332,20.0,22.25,19.0
2023-06-05,33.340425531914896,23.0,38.0,20.0
2023-06-06,27.97872340425532,21.0,31.5,20.0
2023-06-07,23.541666666666668,22.0,26.0,20.0
2023-06-08,24.104166666666668,22.0,26.0,20.0
2023-06-09,21.145833333333332,20.0,21.25,19.0
2023-06-10,25.25,18.5,21.25,17.0
2023-06-11,16.4375,16.0,17.0,16.0
2023-06-12,17.25,16.0,18.0,15.0
2023-06-13,17.270833333333332,15.0,16.0,15.0
2023-06-14,21.0625,17.0,25.25,15.0
2023-06-15,18.895833333333332,18.0,20.0,17.0
2023-06-16,18.958333333333332,16.0,21.0,15.0
2023-06-17,16.958333333333332,15.0,16.0,15.0
2023-06-18,14.875,15.0,15.0,14.0
2023-06-19,17.895833333333332,16.0,20.0,14.0
2023-06-20,17.729166666666668,15.0,20.0,14.0
2023-06-21,20.354166666666668,16.0,24.0,14.75
2023-06-22,15.875,15.0,17.0,14.0
2023-06-23,17.914893617021278,15.0,20.5,14.0
2023-06-24,14.333333333333334,14.0,15.0,13.0
2023-06-25,13.291666666666666,13.0,14.0,12.0
2023-06-26,14.25,13.0,14.0,13.0
2023-06-27,17.533333333333335,14.0,17.0,13.0
2023-06-28,17.875,17.0,20.25,14.0
2023-06-29,31.4375,24.5,42.25,17.0
2023-06-30,28.416666666666668,25.5,33.5,21.0
2023-07-01,16.666666666666668,16.0,17.0,15.0
2023-07-02,14.875,14.0,16.0,13.0
2023-07-03,19.875,15.0,23.25,14.0
2023-07-04,27.541666666666668,17.0,32.5,14.0
2023-07-05,49.604166666666664,50.0,54.0,46.0
2023-07-06,40.020833333333336,36.0,49.5,26.75
2023-07-07,31.3125,24.5,38.0,21.0
2023-07-08,18.291666666666668,16.5,20.0,15.0
2023-07-09,16.708333333333332,15.0,16.5,14.0
2023-07-10,20.958333333333332,16.5,28.0,14.0
2023-07-11,20.659574468085108,17.0,23.5,15.0
2023-07-12,25.574468085106382,18.0,31.5,14.5
2023-07-13,28.97872340425532,19.0,28.5,16.5
2023-07-14,23.25,20.0,27.25,17.0
2023-07-15,13.958333333333334,14.0,14.0,13.0
2023-07-16,15.625,15.0,17.0,13.0
2023-07-17,20.893617021276597,20.0,23.0,16.5
2023-07-18,29.083333333333332,29.5,38.25,15.0
2023-07-19,25.083333333333332,21.0,30.0,17.0
2023-07-20,25.347826086956523,21.0,33.0,17.0
2023-07-21,26.875,21.0,35.5,19.0
2023-07-22,18.041666666666668,17.0,20.0,16.0
2023-07-23,19.5625,15.0,24.0,14.0
2023-07-24,29.5625,27.5,39.25,17.0
2023-07-25,28.083333333333332,25.0,33.25,21.0
2023-07-26,25.583333333333332,23.0,33.0,18.75
2023-07-27,29.854166666666668,23.5,39.25,19.0
2023-07-28,38.4375,25.5,36.0,20.0
2023-07-29,20.958333333333332,18.5,25.0,16.0
2023-07-30,18.208333333333332,16.0,19.0,15.0
2023-07-31,23.06382978723404,17.0,30.0,14.0
2023-08-01,21.75,21.0,26.0,16.0
2023-08-02,23.416666666666668,21.0,29.25,15.75
2023-08-03,21.085106382978722,16.0,28.0,14.0
2023-08-04,19.0,15.0,23.0,14.0
2023-08-05,15.895833333333334,15.0,16.0,14.0
2023-08-06,14.8125,13.0,15.25,13.0
2023-08-07,23.148936170212767,19.0,28.0,15.0
2023-08-08,23.6875,22.0,28.25,17.0
2023-08-09,21.914893617021278,19.0,24.5,17.0
2023-08-10,21.791666666666668,18.5,27.0,15.75
2023-08-11,18.4375,16.5,21.25,14.0
2023-08-12,14.395833333333334,13.0,15.25,13.0
2023-08-13,14.166666666666666,13.0,16.0,12.0
2023-08-14,19.854166666666668,15.5,26.0,13.0
2023-08-15,24.354166666666668,18.0,32.25,15.0
2023-08-16,29.208333333333332,22.5,34.0,19.0
2023-08-17,35.604166666666664,25.5,36.0,18.0
2023-08-18,24.791666666666668,23.5,28.25,18.75
2023-08-19,14.916666666666666,14.0,16.0,13.0
2023-08-20,14.770833333333334,13.0,17.25,12.0
2023-08-21,23.020833333333332,16.0,31.25,13.0
2023-08-22,30.25,22.0,34.25,17.75
2023-08-23,22.083333333333332,18.5,26.25,16.0
2023-08-24,19.729166666666668,17.0,24.25,15.75
2023-08-25,22.1875,19.0,26.5,17.0
2023-08-26,13.3125,13.0,14.0,12.0
2023-08-27,12.729166666666666,12.0,13.0,11.0
2023-08-28,25.520833333333332,20.0,35.0,14.0
2023-08-29,31.104166666666668,21.0,40.0,17.0
2023-08-30,22.4375,19.5,23.5,17.0
2023-08-31,21.083333333333332,17.0,27.0,14.0
2023-09-01,17.541666666666668,13.0,21.75,11.75
2023-09-02,12.479166666666666,11.5,13.0,11.0
2023-09-03,11.791666666666666,11.0,12.0,10.0
2023-09-04,16.020833333333332,12.5,20.25,11.0
2023-09-05,16.854166666666668,12.0,19.5,11.0
2023-09-06,19.48936170212766,18.0,25.0,12.0
2023-09-07,17.914893617021278,15.0,20.5,12.0
2023-09-08,15.375,12.0,13.0,11.0
2023-09-09,10.75,10.0,11.0,10.0
2023-09-10,10.375,10.0,11.0,9.0
2023-09-11,19.666666666666668,12.0,26.0,9.0
2023-09-12,14.833333333333334,12.0,18.0,10.0
2023-09-13,18.041666666666668,18.0,24.0,12.0
2023-09-14,17.729166666666668,14.0,25.25,11.0
2023-09-15,15.916666666666666,12.0,17.25,10.0
2023-09-16,10.416666666666666,9.0,11.0,9.0
2023-09-17,9.333333333333334,9.0,10.0,9.0
2023-09-18,15.458333333333334,10.5,22.25,9.0
2023-09-19,12.9375,11.5,13.0,9.0
2023-09-20,14.208333333333334,11.0,18.0,9.0
2023-09-21,17.541666666666668,11.0,13.25,9.0
2023-09-22,9.895833333333334,9.0,11.0,8.0
2023-09-23,8.25,8.0,8.0,8.0
2023-09-24,8.041666666666666,8.0,8.0,7.0
2023-09-25,12.5625,10.5,16.25,8.0
2023-09-26,13.8125,13.0,16.0,8.0
2023-09-27,11.5,9.5,15.0,8.0
2023-09-28,11.416666666666666,9.0,12.0,8.0
2023-09-29,9.75,8.0,10.25,7.0
2023-09-30,8.270833333333334,7.5,9.0,7.0
2023-10-01,8.020833333333334,7.0,8.0,7.0
2023-10-02,15.895833333333334,13.0,18.25,8.0
2023-10-03,11.0625,9.0,15.0,7.0
2023-10-04,9.5,8.0,11.25,7.0
2023-10-05,9.0625,7.0,11.0,7.0
2023-10-06,8.020833333333334,7.0,9.25,6.0
2023-10-07,6.604166666666667,6.0,7.0,6.0
2023-10-08,6.5625,6.0,7.0,6.0
2023-10-09,8.416666666666666,7.0,9.0,6.0
2023-10-10,8.063829787234043,7.0,9.5,6.0
2023-10-11,8.020833333333334,7.0,9.0,7.0
2023-10-12,8.583333333333334,7.0,9.25,6.0
2023-10-13,8.333333333333334,6.5,9.0,6.0
2023-10-14,5.9375,6.0,6.0,6.0
2023-10-15,6.229166666666667,6.0,6.0,6.0
2023-10-16,10.541666666666666,9.0,12.0,6.0
2023-10-17,8.8125,7.5,10.0,6.0
2023-10-18,9.958333333333334,8.0,12.25,7.0
2023-10-19,9.208333333333334,8.0,11.25,6.75
2023-10-20,12.916666666666666,12.0,16.25,8.0
2023-10-21,8.6875,8.0,9.0,7.0
2023-10-22,8.458333333333334,7.0,9.0,7.0
2023-10-23,20.5625,13.0,28.5,9.75
2023-10-24,26.291666666666668,23.5,31.0,20.0
2023-10-25,23.8125,17.5,33.0,13.0
2023-10-26,23.916666666666668,22.0,24.5,19.0
2023-10-27,18.479166666666668,17.0,20.25,15.0
2023-10-28,14.063829787234043,12.0,17.0,11.0
2023-10-29,13.958333333333334,12.0,17.0,11.0
2023-10-30,20.791666666666668,18.0,25.25,12.0
2023-10-31,23.75,23.0,29.25,18.0
2023-11-01,25.914893617021278,21.0,35.0,15.0
2023-11-02,26.166666666666668,25.0,33.25,20.0
2023-11-03,22.1875,20.5,25.0,15.0
2023-11-04,16.604166666666668,15.0,18.0,13.0
2023-11-05,19.270833333333332,19.5,22.0,14.75
2023-11-06,29.291666666666668,27.5,34.0,22.0
2023-11-07,28.041666666666668,26.0,33.25,23.0
2023-11-08,31.270833333333332,27.5,40.5,20.0
2023-11-09,49.340425531914896,37.0,51.5,29.5
2023-11-10,38.42553191489362,36.0,44.0,32.0
2023-11-11,29.333333333333332,29.0,33.0,23.75
2023-11-12,26.625,25.0,31.0,21.0
2023-11-13,44.833333333333336,39.0,52.25,32.0
2023-11-14,35.375,32.0,40.25,27.0
2023-11-15,33.3125,30.5,38.25,26.75
2023-11-16,34.541666666666664,31.0,36.0,29.0
2023-11-17,27.06382978723404,25.0,31.0,21.5
2023-11-18,21.4375,20.0,23.25,19.0
2023-11-19,19.979166666666668,18.0,23.0,16.0
2023-11-20,38.708333333333336,31.5,40.25,24.0
2023-11-21,40.5,36.0,49.75,29.0
2023-11-22,37.875,33.0,47.25,27.75
2023-11-23,32.744680851063826,31.0,37.0,26.5
2023-11-24,28.416666666666668,28.0,33.0,23.0
2023-11-25,22.729166666666668,21.0,24.25,20.0
2023-11-26,24.395833333333332,24.0,29.0,19.0
2023-11-27,32.145833333333336,32.0,38.25,26.5
2023-11-28,39.354166666666664,32.5,48.0,28.75
2023-11-29,36.645833333333336,34.0,42.25,31.0
2023-11-30,43.5,38.0,58.25,31.0
2023-12-01,42.875,36.0,44.0,32.0
2023-12-02,34.208333333333336,32.5,37.25,30.0
2023-12-03,32.625,32.0,36.0,27.0
2023-12-04,46.40425531914894,46.0,51.0,39.5
2023-12-05,55.9375,53.0,66.25,44.0
2023-12-06,55.479166666666664,57.0,62.0,49.0
2023-12-07,48.166666666666664,43.0,57.25,34.0
2023-12-08,41.361702127659576,40.0,44.0,37.5
2023-12-09,33.895833333333336,32.0,39.25,29.0
2023-12-10,33.520833333333336,25.5,31.0,24.0
2023-12-11,36.0,35.0,42.0,27.0
2023-12-12,41.6875,38.5,52.0,30.0
2023-12-13,48.212765957446805,47.0,55.0,38.0
2023-12-14,44.319148936170215,44.0,49.5,40.0
2023-12-15,55.212765957446805,47.0,58.5,36.5
2023-12-16,50.208333333333336,45.0,57.0,42.0
2023-12-17,39.604166666666664,35.0,42.0,31.0
2023-12-18,60.6875,48.0,73.5,35.75
2023-12-19,53.145833333333336,50.0,55.0,46.0
2023-12-20,53.354166666666664,54.5,64.0,38.75
2023-12-21,42.020833333333336,38.5,43.5,35.0
2023-12-22,32.354166666666664,30.5,39.0,26.75
2023-12-23,22.083333333333332,22.0,24.0,20.0
2023-12-24,20.895833333333332,20.0,22.0,18.75
2023-12-25,22.791666666666668,17.5,23.0,15.0
2023-12-26,18.604166666666668,17.0,20.25,13.75
2023-12-27,26.916666666666668,25.0,31.5,15.75
2023-12-28,28.125,27.0,30.25,23.0
2023-12-29,22.875,21.5,24.0,18.75
2023-12-30,18.148936170212767,15.0,19.0,14.0
2023-12-31,14.46808510638298,14.0,16.0,13.0
2024-01-01,12.020833333333334,11.5,13.0,10.0
2024-01-02,18.708333333333332,18.0,22.25,15.0
2024-01-03,31.604166666666668,24.5,40.75,15.0
2024-01-04,22.229166666666668,21.0,25.0,17.75
2024-01-05,19.083333333333332,16.0,20.5,14.75
2024-01-06,17.395833333333332,15.0,21.0,13.0
2024-01-07,28.875,31.0,32.0,28.0
2024-01-08,24.041666666666668,24.5,29.0,18.75
2024-01-09,20.72340425531915,17.0,22.0,15.0
2024-01-10,34.333333333333336,29.5,40.25,23.0
2024-01-11,31.645833333333332,27.5,33.25,23.75
2024-01-12,24.208333333333332,19.5,28.5,17.0
2024-01-13,16.659574468085108,16.0,18.0,15.0
2024-01-14,31.3125,29.0,42.5,21.0
2024-01-15,21.895833333333332,21.0,25.25,18.75
2024-01-16,31.479166666666668,29.0,34.25,25.0
2024-01-17,34.97872340425532,34.0,36.0,31.0
2024-01-18,33.125,32.5,36.0,27.75
2024-01-19,28.8125,25.0,35.0,21.0
2024-01-20,16.25531914893617,16.0,17.5,15.0
2024-01-21,13.166666666666666,12.5,15.0,11.0
2024-01-22,17.0,14.0,21.0,11.25
2024-01-23,15.4375,14.0,18.25,11.0
2024-01-24,12.23404255319149,12.0,14.0,10.0
2024-01-25,23.270833333333332,22.0,32.0,12.0
2024-01-26,19.361702127659573,19.0,22.0,17.0
2024-01-27,13.354166666666666,13.0,14.25,12.0
2024-01-28,12.1875,12.0,13.0,11.0
2024-01-29,13.869565217391305,13.0,16.75,10.0
2024-01-30,25.711111111111112,24.0,32.0,17.0
2024-01-31,25.130434782608695,23.0,29.0,19.0
2024-02-01,26.729166666666668,24.0,30.5,19.0
2024-02-02,20.70212765957447,20.0,23.0,18.0
2024-02-03,18.729166666666668,16.0,19.25,15.0
2024-02-04,16.020833333333332,15.0,17.0,14.0
2024-02-05,18.6875,17.0,23.0,13.0
2024-02-06,33.895833333333336,28.5,42.0,23.75
2024-02-07,40.9375,32.0,46.5,27.0
2024-02-08,55.083333333333336,54.5,68.25,36.25
2024-02-09,66.75,62.0,80.25,50.75
2024-02-10,33.270833333333336,31.0,36.0,29.0
2024-02-11,27.680851063829788,25.0,28.0,23.0
2024-02-12,41.0,24.0,40.5,21.0
2024-02-13,30.3125,30.0,35.0,22.0
2024-02-14,26.041666666666668,23.5,29.0,19.0
2024-02-15,33.1875,26.5,38.25,20.0
2024-02-16,26.78723404255319,25.0,31.5,21.0
2024-02-17,19.5625,19.0,21.0,17.0
2024-02-18,22.395833333333332,21.0,25.25,18.0
2024-02-19,33.276595744680854,32.0,40.0,24.0
2024-02-20,38.46511627906977,37.0,43.5,28.5
2024-02-21,38.61702127659574,35.0,43.0,32.0
2024-02-22,44.916666666666664,39.0,54.25,34.0
2024-02-23,42.46666666666667,37.0,44.0,34.0
2024-02-24,27.583333333333332,26.0,31.0,24.0
2024-02-25,28.9375,27.5,34.25,23.0
2024-02-26,38.71111111111111,31.0,49.0,27.0
2024-02-27,46.9375,46.0,51.5,40.0
2024-02-28,56.729166666666664,51.0,64.5,38.0
2024-02-29,62.67391304347826,59.0,73.75,50.0
2024-03-01,53.90909090909091,51.0,61.25,46.0
2024-03-02,48.02127659574468,47.0,51.5,42.5
2024-03-03,51.148936170212764,44.0,60.0,41.0
2024-03-04,76.45833333333333,66.5,94.5,55.75
2024-03-05,91.76595744680851,78.0,95.0,68.5
2024-03-06,75.02083333333333,75.0,86.0,59.75
2024-03-07,66.6875,63.5,73.75,53.75
2024-03-08,59.0625,53.5,69.0,47.5
2024-03-09,53.53191489361702,48.0,66.0,45.0
2024-03-10,57.916666666666664,56.0,63.25,50.0
2024-03-11,65.3125,64.0,76.0,47.0
2024-03-12,57.604166666666664,54.5,63.25,48.0
2024-03-13,57.638297872340424,61.0,67.0,46.0
2024-03-14,52.416666666666664,49.0,58.25,47.0
2024-03-15,41.166666666666664,39.0,45.25,35.0
2024-03-16,33.041666666666664,32.0,35.25,29.75
2024-03-17,28.854166666666668,28.0,31.0,26.0
2024-03-18,34.854166666666664,33.0,41.0,23.0
2024-03-19,38.458333333333336,37.5,43.0,28.5
2024-03-20,36.104166666666664,36.0,40.0,30.0
2024-03-21,30.166666666666668,29.5,32.25,28.0
2024-03-22,24.5625,23.0,25.25,21.75
2024-03-23,18.604166666666668,18.0,20.0,17.0
2024-03-24,18.541666666666668,17.5,20.0,16.0
2024-03-25,25.125,23.0,34.0,16.0
2024-03-26,30.319148936170212,26.0,38.5,20.0
2024-03-27,34.42553191489362,32.0,44.0,24.0
2024-03-28,32.8125,31.0,38.0,25.5
2024-03-29,25.829787234042552,24.0,28.0,22.0
2024-03-30,21.895833333333332,21.0,24.0,19.0
2024-03-31,21.020833333333332,20.0,23.0,19.0
2024-04-01,23.95744680851064,21.0,26.0,18.0
2024-04-02,36.083333333333336,31.5,47.5,21.75
2024-04-03,29.456521739130434,25.0,35.25,22.0
2024-04-04,27.195652173913043,23.0,37.0,20.0
2024-04-05,37.0,37.0,37.0,37.0
2024-04-06,37.0,37.0,37.0,37.0
2024-04-07,37.0,37.0,37.0,37.0
2024-04-08,37.0,37.0,37.0,37.0
2024-04-09,26.895833333333332,24.0,30.5,20.0
2024-04-10,19.170212765957448,17.0,22.5,15.0
2024-04-11,18.791666666666668,18.0,21.25,13.75
2024-04-12,27.729166666666668,19.0,26.25,12.75
2024-04-13,44.166666666666664,14.0,21.0,12.0
2024-04-14,12.854166666666666,12.0,13.0,11.0
2024-04-15,14.583333333333334,13.0,18.25,9.0
2024-04-16,11.333333333333334,10.0,11.25,9.0
2024-04-17,19.270833333333332,15.0,21.5,10.75
2024-04-18,12.229166666666666,11.0,13.25,10.0
2024-04-19,11.404255319148936,10.0,13.0,9.0
2024-04-20,8.104166666666666,8.0,9.0,7.0
2024-04-21,7.791666666666667,8.0,8.0,7.0
2024-04-22,10.51063829787234,9.0,12.0,7.0
2024-04-23,11.72340425531915,11.0,14.5,7.5
2024-04-24,14.520833333333334,12.0,18.25,9.0
2024-04-25,11.166666666666666,10.0,14.0,7.0
2024-04-26,7.520833333333333,7.0,8.0,6.0
2024-04-27,6.333333333333333,6.0,7.0,6.0
2024-04-28,6.770833333333333,6.5,8.0,5.0
2024-04-29,8.791666666666666,9.0,11.0,7.0
2024-04-30,13.446808510638299,9.0,16.0,7.0
2024-05-01,9.375,9.0,11.0,6.75
2024-05-02,8.575,7.0,10.25,6.0
